parsable_tree,readable_tree,accuracy,interpretability,seed,pop_size,num_gen,num_offsprings,encoder_type,ground_truth_type,sampling,warm-up,data,latex_tree
"[-, *, exp, u-, u-, x_4, -4.18, exp, x_6]",((exp(-(-(x_4)))*-4.18)-exp(x_6)),14.855299949645996,-0.0543946772813797,200,256,50,256,counts,neuralnet_counts_elastic_model,not_specified,elastic_model,heating,e^{x_{4}} \left(-4.18\right) - e^{x_{6}}
"[log, /, u-, u-, exp, x_2, *, u-, u-, 1.97, u-, x_4]",log(abs((-(-(exp(x_2)))/(-(-(1.97))*-(x_4))))),19.977317810058597,-0.0592672638595104,200,256,50,256,counts,neuralnet_counts_elastic_model,not_specified,elastic_model,heating,\log{\left(\frac{0.50 e^{\operatorname{re}{\left(x_{2}\right)}}}{\left|{- x_{4}}\right|} \right)}
"[-, log, sqrt, **, /, x_4, x_0, exp, x_1, exp, exp, x_6]",(log(abs(sqrt(abs(((x_4/x_0)**exp(x_1))))))-exp(exp(x_6))),13.079849243164062,-0.0391855463385582,200,256,50,256,counts,neuralnet_counts_elastic_model,not_specified,elastic_model,heating,- e^{e^{x_{6}}} + \log{\left(\sqrt{\left|{\left(\frac{x_{4}}{x_{0}}\right)^{e^{x_{1}}}}\right|} \right)}
"[-, *, u-, u-, *, 0.85, x_4, -4.18, exp, x_6]",((-(-((0.85*x_4)))*-4.18)-exp(x_6)),15.055707931518556,-0.0572304464876651,200,256,50,256,counts,neuralnet_counts_elastic_model,not_specified,elastic_model,heating,0.85 x_{4} \left(-4.18\right) - e^{x_{6}}
"[u-, *, exp, u-, u-, x_4, exp, *, *, 1.15, x_6, sin, -3.62]",-((exp(-(-(x_4)))*exp(((1.15*x_6)*sin(-3.62))))),16.47342300415039,-0.0579058974981308,200,256,50,256,counts,neuralnet_counts_elastic_model,not_specified,elastic_model,heating,- e^{x_{4}} e^{1.15 x_{6} \sin{\left(-3.62 \right)}}
"[log, *, *, exp, u-, x_6, x_4, exp, *, x_6, x_2]",log(abs(((exp(-(x_6))*x_4)*exp((x_6*x_2))))),21.657697677612305,-0.061811726540327,200,256,50,256,counts,neuralnet_counts_elastic_model,not_specified,elastic_model,heating,\log{\left(e^{- \operatorname{re}{\left(x_{6}\right)}} e^{\operatorname{re}{\left(x_{2} x_{6}\right)}} \left|{x_{4}}\right| \right)}
"[log, *, exp, *, *, x_6, x_2, x_6, exp, u-, u-, x_4]",log(abs((exp(((x_6*x_2)*x_6))*exp(-(-(x_4)))))),25.41038703918457,-0.0622012540698051,200,256,50,256,counts,neuralnet_counts_elastic_model,not_specified,elastic_model,heating,\log{\left(e^{\operatorname{re}{\left(x_{4}\right)}} e^{\operatorname{re}{\left(x_{2} x_{6}^{2}\right)}} \right)}
"[log, /, exp, *, *, x_6, -0.17, x_6, *, u-, x_4, u-, *, x_6, x_6]",log(abs((exp(((x_6*-0.17)*x_6))/(-(x_4)*-((x_6*x_6)))))),56.30678176879883,-0.064182125031948,200,256,50,256,counts,neuralnet_counts_elastic_model,not_specified,elastic_model,heating,\log{\left(e^{- 0.17 \left(\operatorname{re}{\left(x_{6}\right)}\right)^{2} + 0.17 \left(\operatorname{im}{\left(x_{6}\right)}\right)^{2}} \left|{\frac{1}{- x_{4} \left(- x_{6} x_{6}\right)}}\right| \right)}
"[log, /, u-, u-, exp, x_6, *, exp, *, x_6, x_6, u-, x_4]",log(abs((-(-(exp(x_6)))/(exp((x_6*x_6))*-(x_4))))),20.225679397583008,-0.0615716017782688,200,256,50,256,counts,neuralnet_counts_elastic_model,not_specified,elastic_model,heating,\log{\left(\frac{e^{- \left(\operatorname{re}{\left(x_{6}\right)}\right)^{2} + \left(\operatorname{im}{\left(x_{6}\right)}\right)^{2}} e^{\operatorname{re}{\left(x_{6}\right)}}}{\left|{- x_{4}}\right|} \right)}
"[-, log, exp, cos, x_4, sqrt, cos, **2, **, x_4, x_1]",(log(abs(exp(cos(x_4))))-sqrt(abs(cos(((x_4**x_1))**2)))),12.935473442077637,-0.0253400243818759,200,256,50,256,counts,neuralnet_counts_elastic_model,not_specified,elastic_model,heating,\log{\left(e^{\cos{\left(\operatorname{re}{\left(x_{4}\right)} \right)} \cosh{\left(\operatorname{im}{\left(x_{4}\right)} \right)}} \right)} - \sqrt{\left|{\cos{\left(\left(x_{4}^{x_{1}}\right)^{2} \right)}}\right|}
"[log, /, u-, u-, exp, x_2, *, u-, exp, -4.18, u-, x_4]",log(abs((-(-(exp(x_2)))/(-(exp(-4.18))*-(x_4))))),19.44891929626465,-0.0585109591484069,200,256,50,256,counts,neuralnet_counts_elastic_model,not_specified,elastic_model,heating,\log{\left(\frac{65.36 e^{\operatorname{re}{\left(x_{2}\right)}}}{\left|{- x_{4}}\right|} \right)}
"[u-, *, exp, *, *, x_6, 0.85, x_6, exp, u-, x_4]",-((exp(((x_6*0.85)*x_6))*exp(-(x_4)))),23.571741104125977,-0.0618397444486618,200,256,50,256,counts,neuralnet_counts_elastic_model,not_specified,elastic_model,heating,- e^{- x_{4}} e^{x_{6} \cdot 0.85 x_{6}}
"[u-, *, u-, *, *, x_6, x_6, u-, x_4, *, x_6, x_6]",-((-(((x_6*x_6)*-(x_4)))*(x_6*x_6))),80.05573272705078,-0.0648226588964462,200,256,50,256,counts,neuralnet_counts_elastic_model,not_specified,elastic_model,heating,- x_{6} x_{6} \left(- - x_{4} x_{6} x_{6}\right)
"[/, exp, *, x_6, sqrt, *, x_6, x_6, **2, u-, x_4]",(exp((x_6*sqrt(abs((x_6*x_6)))))/(-(x_4))**2),14.447380065917969,-0.053966961801052,200,256,50,256,counts,neuralnet_counts_elastic_model,not_specified,elastic_model,heating,\frac{e^{x_{6} \sqrt{\left|{x_{6}^{2}}\right|}}}{\left(- x_{4}\right)^{2}}
"[u-, *, *, exp, log, 3.21, x_4, exp, *, x_6, *, x_6, x_6]",-(((exp(log(abs(3.21)))*x_4)*exp((x_6*(x_6*x_6))))),30.808887481689453,-0.0622161328792572,200,256,50,256,counts,neuralnet_counts_elastic_model,not_specified,elastic_model,heating,- x_{4} e^{x_{6} x_{6} x_{6}} e^{\log{\left(3.21 \right)}}
"[u-, x_6]",-(x_6),92.76863861083984,-0.1396161615848541,201,256,50,256,counts,neuralnet_counts_elastic_model,not_specified,elastic_model,heating,- x_{6}
"[+, u-, u-, cos, x_6, x_4]",(-(-(cos(x_6)))+x_4),19.64089012145996,-0.1329508125782013,201,256,50,256,counts,neuralnet_counts_elastic_model,not_specified,elastic_model,heating,x_{4} + \cos{\left(x_{6} \right)}
"[u-, x_2]",-(x_2),79.71253967285156,-0.1381759047508239,201,256,50,256,counts,neuralnet_counts_elastic_model,not_specified,elastic_model,heating,- x_{2}
"[**3, u-, x_2]",(-(x_2))**3,77.9101333618164,-0.1373853683471679,201,256,50,256,counts,neuralnet_counts_elastic_model,not_specified,elastic_model,heating,\left(- x_{2}\right)^{3}
"[u-, x_4]",-(x_4),22.431339263916016,-0.1366565972566604,201,256,50,256,counts,neuralnet_counts_elastic_model,not_specified,elastic_model,heating,- x_{4}
"[u-, -, exp, u-, x_4, **3, x_6]",-((exp(-(x_4))-(x_6)**3)),14.59678840637207,-0.1312834173440933,201,256,50,256,counts,neuralnet_counts_elastic_model,not_specified,elastic_model,heating,x_{6}^{3} - e^{- x_{4}}
"[exp, -, +, x_4, -4.91, **3, u-, x_6]",exp(((x_4+-4.91)-(-(x_6))**3)),12.224775314331056,-0.1120384112000465,201,256,50,256,counts,neuralnet_counts_elastic_model,not_specified,elastic_model,heating,e^{x_{4} - \left(- x_{6}\right)^{3} - 4.91}
"[u-, +, *, x_6, **3, u-, x_6, x_4]",-(((x_6*(-(x_6))**3)+x_4)),17.69089126586914,-0.1315868496894836,201,256,50,256,counts,neuralnet_counts_elastic_model,not_specified,elastic_model,heating,- x_{4} - x_{6} \left(- x_{6}\right)^{3}
"[exp, u-, -, exp, u-, x_4, **3, x_6]",exp(-((exp(-(x_4))-(x_6)**3))),13.241080284118652,-0.1295254528522491,201,256,50,256,counts,neuralnet_counts_elastic_model,not_specified,elastic_model,heating,e^{x_{6}^{3} - e^{- x_{4}}}
"[-, sqrt, -, +, x_4, x_1, x_3, **3, x_6]",(sqrt(abs(((x_4+x_1)-x_3)))-(x_6)**3),12.712406158447266,-0.1152916997671127,201,256,50,256,counts,neuralnet_counts_elastic_model,not_specified,elastic_model,heating,- x_{6}^{3} + \sqrt{\left|{x_{1} - x_{3} + x_{4}}\right|}
"[u-, u-, exp, cos, **3, x_3]",-(-(exp(cos((x_3)**3)))),22.248044967651367,0.0657073855400085,202,256,50,256,counts,neuralnet_counts_elastic_model,not_specified,elastic_model,heating,e^{\cos{\left(x_{3}^{3} \right)}}
"[u-, u-, -, x_6, exp, u-, x_4]",-(-((x_6-exp(-(x_4))))),16.302953720092773,0.0683755949139595,202,256,50,256,counts,neuralnet_counts_elastic_model,not_specified,elastic_model,heating,x_{6} - e^{- x_{4}}
"[u-, u-, u-, u-, u-, x_0]",-(-(-(-(-(x_0))))),61.57371139526367,0.0579227954149246,202,256,50,256,counts,neuralnet_counts_elastic_model,not_specified,elastic_model,heating,- x_{0}
"[u-, u-, u-, sin, log, x_3]",-(-(-(sin(log(abs(x_3)))))),22.112483978271484,0.0674764513969421,202,256,50,256,counts,neuralnet_counts_elastic_model,not_specified,elastic_model,heating,- \sin{\left(\log{\left(\left|{x_{3}}\right| \right)} \right)}
"[u-, u-, u-, -, x_6, exp, x_3]",-(-(-((x_6-exp(x_3))))),16.256275177001953,0.0699932128190994,202,256,50,256,counts,neuralnet_counts_elastic_model,not_specified,elastic_model,heating,- x_{6} + e^{x_{3}}
"[log, -, -, cos, /, -3.3, x_0, exp, -, 0.74, x_6, exp, exp, x_3]",log(abs(((cos((-3.3/x_0))-exp((0.74-x_6)))-exp(exp(x_3))))),8.834039688110352,0.1096185520291328,202,256,50,256,counts,neuralnet_counts_elastic_model,not_specified,elastic_model,heating,\log{\left(\left|{e^{e^{x_{3}}} - \cos{\left(- \frac{3.3}{x_{0}} \right)} + 2.09 e^{- x_{6}}}\right| \right)}
"[u-, u-, u-, +, cos, x_7, x_4]",-(-(-((cos(x_7)+x_4)))),21.057132720947266,0.0678560808300972,202,256,50,256,counts,neuralnet_counts_elastic_model,not_specified,elastic_model,heating,- x_{4} - \cos{\left(x_{7} \right)}
"[sqrt, -, -, x_6, exp, -, 0.74, x_4, x_0]",sqrt(abs(((x_6-exp((0.74-x_4)))-x_0))),9.684142112731934,0.0845480486750602,202,256,50,256,counts,neuralnet_counts_elastic_model,not_specified,elastic_model,heating,\sqrt{\left|{x_{0} - x_{6} + 2.09 e^{- x_{4}}}\right|}
"[u-, u-, -, **3, x_6, u-, x_4]",-(-(((x_6)**3--(x_4)))),13.271806716918944,0.0731862038373947,202,256,50,256,counts,neuralnet_counts_elastic_model,not_specified,elastic_model,heating,x_{4} + x_{6}^{3}
"[u-, u-, u-, u-, u-, x_4]",-(-(-(-(-(x_4))))),22.431339263916016,0.0580630339682102,202,256,50,256,counts,neuralnet_counts_elastic_model,not_specified,elastic_model,heating,- x_{4}
"[u-, u-, u-, **3, exp, x_3]",-(-(-((exp(x_3))**3))),22.400041580200195,0.0625641644001007,202,256,50,256,counts,neuralnet_counts_elastic_model,not_specified,elastic_model,heating,- \left(e^{x_{3}}\right)^{3}
"[exp, u-, exp, u-, u-, 1.28]",exp(-(exp(-(-(1.28))))),100.53578186035156,-0.0682239755988121,203,256,50,256,counts,neuralnet_counts_elastic_model,not_specified,elastic_model,heating,e^{- e^{1.28}}
"[exp, u-, exp, u-, u-, -1.16]",exp(-(exp(-(-(-1.16))))),100.53578186035156,-0.0682239755988121,203,256,50,256,counts,neuralnet_counts_elastic_model,not_specified,elastic_model,heating,e^{- \frac{1}{3.18}}
"[u-, exp, u-, exp, u-, 1.28]",-(exp(-(exp(-(1.28))))),100.53578186035156,-0.0682239755988121,203,256,50,256,counts,neuralnet_counts_elastic_model,not_specified,elastic_model,heating,- \frac{1}{e^{e^{-1.28}}}
"[exp, u-, exp, u-, u-, -3.78]",exp(-(exp(-(-(-3.78))))),100.53578186035156,-0.0682239755988121,203,256,50,256,counts,neuralnet_counts_elastic_model,not_specified,elastic_model,heating,e^{- \frac{1}{43.81}}
"[u-, exp, u-, **2, **2, x_3]",-(exp(-(((x_3)**2)**2))),21.88907241821289,-0.0609098374843597,203,256,50,256,counts,neuralnet_counts_elastic_model,not_specified,elastic_model,heating,- e^{- \left(x_{3}^{2}\right)^{2}}
"[exp, u-, exp, u-, u-, -0.95]",exp(-(exp(-(-(-0.95))))),100.53578186035156,-0.0682239755988121,203,256,50,256,counts,neuralnet_counts_elastic_model,not_specified,elastic_model,heating,e^{- \frac{1}{2.58}}
"[exp, exp, u-, u-, u-, x_4]",exp(exp(-(-(-(x_4))))),22.431339263916016,-0.0652799531817436,203,256,50,256,counts,neuralnet_counts_elastic_model,not_specified,elastic_model,heating,e^{e^{- x_{4}}}
"[exp, exp, u-, u-, u-, 0.92]",exp(exp(-(-(-(0.92))))),100.53578186035156,-0.0682239755988121,203,256,50,256,counts,neuralnet_counts_elastic_model,not_specified,elastic_model,heating,e^{e^{-0.92}}
"[exp, u-, u-, exp, **2, x_3]",exp(-(-(exp((x_3)**2)))),22.195417404174805,-0.061479739844799,203,256,50,256,counts,neuralnet_counts_elastic_model,not_specified,elastic_model,heating,e^{e^{x_{3}^{2}}}
"[exp, u-, exp, u-, u-, -1.71]",exp(-(exp(-(-(-1.71))))),100.53578186035156,-0.0682239755988121,203,256,50,256,counts,neuralnet_counts_elastic_model,not_specified,elastic_model,heating,e^{- \frac{1}{5.52}}
"[exp, u-, exp, u-, u-, x_4]",exp(-(exp(-(-(x_4))))),22.431339263916016,-0.0652799531817436,203,256,50,256,counts,neuralnet_counts_elastic_model,not_specified,elastic_model,heating,e^{- e^{x_{4}}}
"[exp, u-, **2, **2, u-, x_3]",exp(-(((-(x_3))**2)**2)),21.88907241821289,-0.0609098374843597,203,256,50,256,counts,neuralnet_counts_elastic_model,not_specified,elastic_model,heating,e^{- \left(\left(- x_{3}\right)^{2}\right)^{2}}
"[exp, exp, u-, u-, u-, 3.61]",exp(exp(-(-(-(3.61))))),100.53578186035156,-0.0682239755988121,203,256,50,256,counts,neuralnet_counts_elastic_model,not_specified,elastic_model,heating,e^{e^{-3.61}}
"[u-, u-, **2, **2, sin, x_3]",-(-(((sin(x_3))**2)**2)),21.8768367767334,-0.056975282728672,203,256,50,256,counts,neuralnet_counts_elastic_model,not_specified,elastic_model,heating,\left(\sin^{2}{\left(x_{3} \right)}\right)^{2}
"[u-, sin, log, **3, sqrt, x_3]",-(sin(log(abs((sqrt(abs(x_3)))**3)))),21.068790435791016,-0.0484462901949882,203,256,50,256,counts,neuralnet_counts_elastic_model,not_specified,elastic_model,heating,- \sin{\left(\log{\left(\left|{x_{3}}\right|^{\frac{3}{2}} \right)} \right)}
"[exp, exp, u-, u-, u-, 1.49]",exp(exp(-(-(-(1.49))))),100.53578186035156,-0.0682239755988121,203,256,50,256,counts,neuralnet_counts_elastic_model,not_specified,elastic_model,heating,e^{e^{-1.49}}
"[u-, sin, log, log, exp, x_3]",-(sin(log(abs(log(abs(exp(x_3))))))),21.60420799255371,-0.0521551147103309,203,256,50,256,counts,neuralnet_counts_elastic_model,not_specified,elastic_model,heating,- \sin{\left(\log{\left(\left|{\log{\left(e^{\operatorname{re}{\left(x_{3}\right)}} \right)}}\right| \right)} \right)}
"[exp, exp, u-, u-, u-, -0.95]",exp(exp(-(-(-(-0.95))))),100.53578186035156,-0.0682239755988121,203,256,50,256,counts,neuralnet_counts_elastic_model,not_specified,elastic_model,heating,e^{e^{0.95}}
"[exp, u-, exp, u-, u-, -1.25]",exp(-(exp(-(-(-1.25))))),100.53578186035156,-0.0682239755988121,203,256,50,256,counts,neuralnet_counts_elastic_model,not_specified,elastic_model,heating,e^{- \frac{1}{3.49}}
"[exp, u-, **2, **2, sin, x_3]",exp(-(((sin(x_3))**2)**2)),21.814462661743164,-0.0567764639854431,203,256,50,256,counts,neuralnet_counts_elastic_model,not_specified,elastic_model,heating,e^{- \left(\sin^{2}{\left(x_{3} \right)}\right)^{2}}
"[exp, u-, exp, u-, u-, 1.49]",exp(-(exp(-(-(1.49))))),100.53578186035156,-0.0682239755988121,203,256,50,256,counts,neuralnet_counts_elastic_model,not_specified,elastic_model,heating,e^{- e^{1.49}}
"[exp, u-, exp, u-, u-, -1.36]",exp(-(exp(-(-(-1.36))))),100.53578186035156,-0.0682239755988121,203,256,50,256,counts,neuralnet_counts_elastic_model,not_specified,elastic_model,heating,e^{- \frac{1}{3.89}}
"[**3, +, -, *, cos, -0.95, log, x_4, **3, +, x_6, x_6, cos, log, x_0]",((((cos(-0.95)*log(abs(x_4)))-((x_6+x_6))**3)+cos(log(abs(x_0)))))**3,9.274279594421388,0.0282784439623355,203,256,50,256,counts,neuralnet_counts_elastic_model,not_specified,elastic_model,heating,\left(- \left(x_{6} + x_{6}\right)^{3} + \log{\left(\left|{x_{4}}\right| \right)} \cos{\left(-0.95 \right)} + \cos{\left(\log{\left(\left|{x_{0}}\right| \right)} \right)}\right)^{3}
"[u-, exp, exp, u-, u-, -1.71]",-(exp(exp(-(-(-1.71))))),100.53578186035156,-0.0682239755988121,203,256,50,256,counts,neuralnet_counts_elastic_model,not_specified,elastic_model,heating,- e^{e^{-1.71}}
"[exp, u-, u-, exp, u-, 2.16]",exp(-(-(exp(-(2.16))))),100.53578186035156,-0.0682239755988121,203,256,50,256,counts,neuralnet_counts_elastic_model,not_specified,elastic_model,heating,e^{e^{-2.16}}
"[exp, u-, exp, u-, u-, -2.24]",exp(-(exp(-(-(-2.24))))),100.53578186035156,-0.0682239755988121,203,256,50,256,counts,neuralnet_counts_elastic_model,not_specified,elastic_model,heating,e^{- \frac{1}{9.39}}
"[exp, u-, u-, exp, u-, -3.78]",exp(-(-(exp(-(-3.78))))),100.53578186035156,-0.0682239755988121,203,256,50,256,counts,neuralnet_counts_elastic_model,not_specified,elastic_model,heating,e^{e^{3.78}}
"[u-, exp, u-, exp, u-, x_4]",-(exp(-(exp(-(x_4))))),22.431339263916016,-0.0652799531817436,203,256,50,256,counts,neuralnet_counts_elastic_model,not_specified,elastic_model,heating,- e^{- e^{- x_{4}}}
"[u-, -, x_6, exp, **2, u-, x_3]",-((x_6-exp((-(x_3))**2))),16.874156951904297,-0.046480543911457,203,256,50,256,counts,neuralnet_counts_elastic_model,not_specified,elastic_model,heating,- x_{6} + e^{\left(- x_{3}\right)^{2}}
"[u-, **2, **2, u-, sin, x_3]",-(((-(sin(x_3)))**2)**2),21.8768367767334,-0.056975282728672,203,256,50,256,counts,neuralnet_counts_elastic_model,not_specified,elastic_model,heating,- \left(\left(- \sin{\left(x_{3} \right)}\right)^{2}\right)^{2}
"[exp, sin, log, log, exp, x_3]",exp(sin(log(abs(log(abs(exp(x_3))))))),21.39374542236328,-0.0509714633226394,203,256,50,256,counts,neuralnet_counts_elastic_model,not_specified,elastic_model,heating,e^{\sin{\left(\log{\left(\left|{\log{\left(e^{\operatorname{re}{\left(x_{3}\right)}} \right)}}\right| \right)} \right)}}
"[exp, u-, u-, u-, exp, -3.54]",exp(-(-(-(exp(-3.54))))),100.53578186035156,-0.0682239755988121,203,256,50,256,counts,neuralnet_counts_elastic_model,not_specified,elastic_model,heating,e^{- \frac{1}{34.46}}
"[exp, u-, **2, **, u-, x_7, log, x_4]",exp(-(((-(x_7)**log(abs(x_4))))**2)),19.835323333740234,-0.047256588935852,203,256,50,256,counts,neuralnet_counts_elastic_model,not_specified,elastic_model,heating,e^{- \left(- x_{7}^{\log{\left(\left|{x_{4}}\right| \right)}}\right)^{2}}
"[u-, exp, exp, u-, u-, -1.25]",-(exp(exp(-(-(-1.25))))),100.53578186035156,-0.0682239755988121,203,256,50,256,counts,neuralnet_counts_elastic_model,not_specified,elastic_model,heating,- e^{e^{-1.25}}
"[u-, -, x_6, exp, **2, **2, x_3]",-((x_6-exp(((x_3)**2)**2))),16.189626693725586,-0.0463167652487754,203,256,50,256,counts,neuralnet_counts_elastic_model,not_specified,elastic_model,heating,- x_{6} + e^{\left(x_{3}^{2}\right)^{2}}
"[exp, exp, u-, u-, u-, 3.72]",exp(exp(-(-(-(3.72))))),100.53578186035156,-0.0682239755988121,203,256,50,256,counts,neuralnet_counts_elastic_model,not_specified,elastic_model,heating,e^{e^{-3.72}}
"[u-, -, x_6, exp, sqrt, exp, x_3]",-((x_6-exp(sqrt(abs(exp(x_3)))))),14.823566436767578,-0.0415859147906303,203,256,50,256,counts,neuralnet_counts_elastic_model,not_specified,elastic_model,heating,- x_{6} + e^{\sqrt{e^{\operatorname{re}{\left(x_{3}\right)}}}}
"[exp, u-, exp, u-, u-, -1.27]",exp(-(exp(-(-(-1.27))))),100.53578186035156,-0.0682239755988121,203,256,50,256,counts,neuralnet_counts_elastic_model,not_specified,elastic_model,heating,e^{- \frac{1}{3.56}}
"[u-, exp, sin, log, u-, x_3]",-(exp(sin(log(abs(-(x_3)))))),21.637845993041992,-0.0558104142546653,203,256,50,256,counts,neuralnet_counts_elastic_model,not_specified,elastic_model,heating,- e^{\sin{\left(\log{\left(\left|{x_{3}}\right| \right)} \right)}}
"[u-, exp, exp, u-, u-, -3.78]",-(exp(exp(-(-(-3.78))))),100.53578186035156,-0.0682239755988121,203,256,50,256,counts,neuralnet_counts_elastic_model,not_specified,elastic_model,heating,- e^{e^{-3.78}}
"[exp, u-, -, sin, sqrt, x_4, **3, x_6]",exp(-((sin(sqrt(abs(x_4)))-(x_6)**3))),12.40024185180664,-0.0351378470659256,203,256,50,256,counts,neuralnet_counts_elastic_model,not_specified,elastic_model,heating,e^{x_{6}^{3} - \sin{\left(\sqrt{\left|{x_{4}}\right|} \right)}}
"[exp, +, **3, x_6, exp, **2, exp, x_4]",exp(((x_6)**3+exp((exp(x_4))**2))),13.017213821411133,-0.0406954139471054,203,256,50,256,counts,neuralnet_counts_elastic_model,not_specified,elastic_model,heating,e^{x_{6}^{3} + e^{\left(e^{x_{4}}\right)^{2}}}
"[u-, exp, u-, exp, u-, -4.65]",-(exp(-(exp(-(-4.65))))),100.53578186035156,-0.0682239755988121,203,256,50,256,counts,neuralnet_counts_elastic_model,not_specified,elastic_model,heating,- \frac{1}{e^{e^{4.65}}}
"[u-, exp, cos, log, **2, x_3]",-(exp(cos(log(abs((x_3)**2))))),20.311391830444336,0.0043851309455931,204,256,50,256,counts,neuralnet_counts_elastic_model,not_specified,elastic_model,heating,- e^{\cos{\left(\log{\left(\left|{x_{3}^{2}}\right| \right)} \right)}}
"[u-, log, sin, exp, sqrt, x_3]",-(log(abs(sin(exp(sqrt(abs(x_3))))))),21.551610946655277,-0.0011540935374796,204,256,50,256,counts,neuralnet_counts_elastic_model,not_specified,elastic_model,heating,- \log{\left(\left|{\sin{\left(e^{\sqrt{\left|{x_{3}}\right|}} \right)}}\right| \right)}
"[u-, sin, log, exp, log, x_3]",-(sin(log(abs(exp(log(abs(x_3))))))),21.60420799255371,-0.0011804117821156,204,256,50,256,counts,neuralnet_counts_elastic_model,not_specified,elastic_model,heating,- \sin{\left(\log{\left(\left|{x_{3}}\right| \right)} \right)}
"[exp, sin, u-, u-, log, x_3]",exp(sin(-(-(log(abs(x_3)))))),21.637845993041992,-0.0018492117524147,204,256,50,256,counts,neuralnet_counts_elastic_model,not_specified,elastic_model,heating,e^{\sin{\left(\log{\left(\left|{x_{3}}\right| \right)} \right)}}
"[sin, log, log, exp, u-, x_3]",sin(log(abs(log(abs(exp(-(x_3))))))),21.60420799255371,-0.0011804117821156,204,256,50,256,counts,neuralnet_counts_elastic_model,not_specified,elastic_model,heating,\sin{\left(\log{\left(\left|{\log{\left(e^{- \operatorname{re}{\left(x_{3}\right)}} \right)}}\right| \right)} \right)}
"[exp, sin, log, exp, log, x_3]",exp(sin(log(abs(exp(log(abs(x_3))))))),21.39374542236328,-8.162250742316246e-05,204,256,50,256,counts,neuralnet_counts_elastic_model,not_specified,elastic_model,heating,e^{\sin{\left(\log{\left(\left|{x_{3}}\right| \right)} \right)}}
"[sin, exp, log, log, log, x_3]",sin(exp(log(abs(log(abs(log(abs(x_3)))))))),20.93266868591309,0.0024306694976985,204,256,50,256,counts,neuralnet_counts_elastic_model,not_specified,elastic_model,heating,\sin{\left(e^{\log{\left(\left|{\log{\left(\left|{\log{\left(\left|{x_{3}}\right| \right)}}\right| \right)}}\right| \right)}} \right)}
"[sin, log, log, **3, sqrt, x_3]",sin(log(abs(log(abs((sqrt(abs(x_3)))**3))))),20.91639709472656,0.0025653461925685,204,256,50,256,counts,neuralnet_counts_elastic_model,not_specified,elastic_model,heating,\sin{\left(\log{\left(\left|{\log{\left(\left|{x_{3}}\right|^{\frac{3}{2}} \right)}}\right| \right)} \right)}
"[/, -, exp, exp, **3, x_6, sin, **2, sqrt, x_1, exp, **3, u-, **3, x_4]",((exp(exp((x_6)**3))-sin((sqrt(abs(x_1)))**2))/exp((-((x_4)**3))**3)),10.26287078857422,0.0432659909129142,204,256,50,256,counts,neuralnet_counts_elastic_model,not_specified,elastic_model,heating,\frac{e^{e^{x_{6}^{3}}} - \sin{\left(\left(\sqrt{\left|{x_{1}}\right|}\right)^{2} \right)}}{e^{\left(- x_{4}^{3}\right)^{3}}}
"[+, log, sqrt, log, u-, x_3, x_6]",(log(abs(sqrt(abs(log(abs(-(x_3)))))))+x_6),19.975645065307617,0.0051619806326925,204,256,50,256,counts,neuralnet_counts_elastic_model,not_specified,elastic_model,heating,x_{6} + \log{\left(\sqrt{\left|{\log{\left(\left|{x_{3}}\right| \right)}}\right|} \right)}
"[exp, u-, log, u-, log, x_3]",exp(-(log(abs(-(log(abs(x_3))))))),22.431339263916016,-0.0019795163534581,204,256,50,256,counts,neuralnet_counts_elastic_model,not_specified,elastic_model,heating,e^{- \log{\left(\left|{\log{\left(\left|{x_{3}}\right| \right)}}\right| \right)}}
"[+, log, sqrt, log, u-, x_3, x_2]",(log(abs(sqrt(abs(log(abs(-(x_3)))))))+x_2),19.285118103027344,0.0062278942205011,204,256,50,256,counts,neuralnet_counts_elastic_model,not_specified,elastic_model,heating,x_{2} + \log{\left(\sqrt{\left|{\log{\left(\left|{x_{3}}\right| \right)}}\right|} \right)}
"[u-, exp, u-, log, log, x_3]",-(exp(-(log(abs(log(abs(x_3))))))),22.431339263916016,-0.0019795163534581,204,256,50,256,counts,neuralnet_counts_elastic_model,not_specified,elastic_model,heating,- e^{- \log{\left(\left|{\log{\left(\left|{x_{3}}\right| \right)}}\right| \right)}}
"[/, -, exp, exp, **3, x_6, cos, log, x_1, *, sin, x_4, x_3]",((exp(exp((x_6)**3))-cos(log(abs(x_1))))/(sin(x_4)*x_3)),9.034911155700684,0.0460435710847377,204,256,50,256,counts,neuralnet_counts_elastic_model,not_specified,elastic_model,heating,\frac{e^{e^{x_{6}^{3}}} - \cos{\left(\log{\left(\left|{x_{1}}\right| \right)} \right)}}{x_{3} \sin{\left(x_{4} \right)}}
"[sin, sin, exp, sqrt, sqrt, x_3]",sin(sin(exp(sqrt(abs(sqrt(abs(x_3))))))),21.048555374145508,0.0019032745622098,204,256,50,256,counts,neuralnet_counts_elastic_model,not_specified,elastic_model,heating,\sin{\left(\sin{\left(e^{\sqrt{\sqrt{\left|{x_{3}}\right|}}} \right)} \right)}
"[/, -, exp, exp, **3, x_6, sin, **2, sqrt, x_0, sin, x_4]",((exp(exp((x_6)**3))-sin((sqrt(abs(x_0)))**2))/sin(x_4)),10.98455810546875,0.0323704294860363,204,256,50,256,counts,neuralnet_counts_elastic_model,not_specified,elastic_model,heating,\frac{e^{e^{x_{6}^{3}}} - \sin{\left(\left(\sqrt{\left|{x_{0}}\right|}\right)^{2} \right)}}{\sin{\left(x_{4} \right)}}
"[/, -, exp, exp, **3, x_6, cos, +, **3, x_4, log, x_0, *, sin, x_4, u-, exp, exp, x_3]",((exp(exp((x_6)**3))-cos(((x_4)**3+log(abs(x_0)))))/(sin(x_4)*-(exp(exp(x_3))))),9.207923889160156,0.0450046844780445,204,256,50,256,counts,neuralnet_counts_elastic_model,not_specified,elastic_model,heating,\frac{e^{e^{x_{6}^{3}}} - \cos{\left(x_{4}^{3} + \log{\left(\left|{x_{0}}\right| \right)} \right)}}{- e^{e^{x_{3}}} \sin{\left(x_{4} \right)}}
"[/, -, exp, exp, **3, x_6, sqrt, x_0, exp, sqrt, x_4]",((exp(exp((x_6)**3))-sqrt(abs(x_0)))/exp(sqrt(abs(x_4)))),11.959110260009766,0.0255008954554796,204,256,50,256,counts,neuralnet_counts_elastic_model,not_specified,elastic_model,heating,\frac{e^{e^{x_{6}^{3}}} - \sqrt{\left|{x_{0}}\right|}}{e^{\sqrt{\left|{x_{4}}\right|}}}
"[u-, -, exp, exp, **3, x_6, log, exp, exp, x_3]",-((exp(exp((x_6)**3))-log(abs(exp(exp(x_3)))))),14.205605506896973,0.0110041666775941,204,256,50,256,counts,neuralnet_counts_elastic_model,not_specified,elastic_model,heating,- e^{e^{x_{6}^{3}}} + \log{\left(e^{e^{\operatorname{re}{\left(x_{3}\right)}} \cos{\left(\operatorname{im}{\left(x_{3}\right)} \right)}} \right)}
"[/, -, exp, exp, **3, x_6, cos, exp, x_2, *, sin, x_4, cos, u-, cos, x_3]",((exp(exp((x_6)**3))-cos(exp(x_2)))/(sin(x_4)*cos(-(cos(x_3))))),8.485458374023438,0.0487680435180664,204,256,50,256,counts,neuralnet_counts_elastic_model,not_specified,elastic_model,heating,\frac{e^{e^{x_{6}^{3}}} - \cos{\left(e^{x_{2}} \right)}}{\sin{\left(x_{4} \right)} \cos{\left(- \cos{\left(x_{3} \right)} \right)}}
"[/, sin, u-, u-, exp, x_6, exp, sqrt, x_4]",(sin(-(-(exp(x_6))))/exp(sqrt(abs(x_4)))),16.9200439453125,0.0063184755854308,204,256,50,256,counts,neuralnet_counts_elastic_model,not_specified,elastic_model,heating,\frac{\sin{\left(e^{x_{6}} \right)}}{e^{\sqrt{\left|{x_{4}}\right|}}}
"[exp, exp, u-, u-, exp, x_3]",exp(exp(-(-(exp(x_3))))),22.43133544921875,-0.3088134527206421,205,256,50,256,counts,neuralnet_counts_elastic_model,not_specified,elastic_model,heating,e^{e^{e^{x_{3}}}}
"[sin, u-, log, u-, u-, x_3]",sin(-(log(abs(-(-(x_3)))))),22.112483978271484,-0.3076648116111755,205,256,50,256,counts,neuralnet_counts_elastic_model,not_specified,elastic_model,heating,\sin{\left(- \log{\left(\left|{x_{3}}\right| \right)} \right)}
"[u-, u-, **3, u-, exp, x_3]",-(-((-(exp(x_3)))**3)),22.400041580200195,-0.3086816668510437,205,256,50,256,counts,neuralnet_counts_elastic_model,not_specified,elastic_model,heating,\left(- e^{x_{3}}\right)^{3}
"[u-, u-, u-, u-, u-, x_4]",-(-(-(-(-(x_4))))),22.431339263916016,-0.3191817998886108,205,256,50,256,counts,neuralnet_counts_elastic_model,not_specified,elastic_model,heating,- x_{4}
"[-, /, -, -2.95, x_6, x_4, *, /, +, **, -2.85, x_0, -0.09, **, x_4, cos, x_0, cos, -, **3, x_0, log, x_2]",(((-2.95-x_6)/x_4)-((((-2.85**x_0)+-0.09)/(x_4**cos(x_0)))*cos(((x_0)**3-log(abs(x_2)))))),9.445442199707031,-0.186332881450653,205,256,50,256,counts,neuralnet_counts_elastic_model,not_specified,elastic_model,heating,- \frac{\left(- 2.85^{x_{0}} - 0.09\right) \cos{\left(x_{0}^{3} - \log{\left(\left|{x_{2}}\right| \right)} \right)}}{x_{4}^{\cos{\left(x_{0} \right)}}} + \frac{- x_{6} - 2.95}{x_{4}}
"[u-, u-, -, x_6, *, x_4, -3.51]",-(-((x_6-(x_4*-3.51)))),14.32604694366455,-0.2903406918048858,205,256,50,256,counts,neuralnet_counts_elastic_model,not_specified,elastic_model,heating,\left(-1\right) x_{4} \left(-3.51\right) + x_{6}
"[u-, /, exp, exp, u-, x_0, x_4]",-((exp(exp(-(x_0)))/x_4)),18.84662628173828,-0.3032826781272888,205,256,50,256,counts,neuralnet_counts_elastic_model,not_specified,elastic_model,heating,- \frac{e^{e^{- x_{0}}}}{x_{4}}
"[u-, u-, /, -, +, -3.86, x_0, x_6, x_4]",-(-((((-3.86+x_0)-x_6)/x_4))),12.640114784240724,-0.2877109050750732,205,256,50,256,counts,neuralnet_counts_elastic_model,not_specified,elastic_model,heating,\frac{x_{0} - x_{6} - 3.86}{x_{4}}
"[-, /, -, -2.95, x_6, x_4, *, /, +, **, -2.85, x_0, log, -2.52, **, x_4, cos, x_0, cos, -, **3, x_0, log, x_2]",(((-2.95-x_6)/x_4)-((((-2.85**x_0)+log(abs(-2.52)))/(x_4**cos(x_0)))*cos(((x_0)**3-log(abs(x_2)))))),7.62271785736084,-0.1829034388065338,205,256,50,256,counts,neuralnet_counts_elastic_model,not_specified,elastic_model,heating,- \frac{\left(- 2.85^{x_{0}} + \log{\left(2.52 \right)}\right) \cos{\left(x_{0}^{3} - \log{\left(\left|{x_{2}}\right| \right)} \right)}}{x_{4}^{\cos{\left(x_{0} \right)}}} + \frac{- x_{6} - 2.95}{x_{4}}
"[u-, u-, u-, u-, u-, x_0]",-(-(-(-(-(x_0))))),61.57371139526367,-0.3212628960609436,205,256,50,256,counts,neuralnet_counts_elastic_model,not_specified,elastic_model,heating,- x_{0}
"[u-, u-, u-, -, x_6, exp, x_3]",-(-(-((x_6-exp(x_3))))),16.256275177001953,-0.2994746565818786,205,256,50,256,counts,neuralnet_counts_elastic_model,not_specified,elastic_model,heating,- x_{6} + e^{x_{3}}
"[-, /, -, +, -3.86, x_0, x_6, x_4, exp, exp, exp, sin, x_3]",((((-3.86+x_0)-x_6)/x_4)-exp(exp(exp(sin(x_3))))),12.640084266662598,-0.2413724660873413,205,256,50,256,counts,neuralnet_counts_elastic_model,not_specified,elastic_model,heating,- e^{e^{e^{\sin{\left(x_{3} \right)}}}} + \frac{x_{0} - x_{6} - 3.86}{x_{4}}
"[u-, u-, u-, /, +, 2.65, x_6, x_4]",-(-(-(((2.65+x_6)/x_4)))),15.084322929382324,-0.2985534965991974,205,256,50,256,counts,neuralnet_counts_elastic_model,not_specified,elastic_model,heating,- \frac{x_{6} + 2.65}{x_{4}}
"[-, /, -, -2.95, x_6, x_4, *, /, +, **, -2.85, x_0, -0.09, **, x_4, cos, x_0, cos, u-, sqrt, x_4]",(((-2.95-x_6)/x_4)-((((-2.85**x_0)+-0.09)/(x_4**cos(x_0)))*cos(-(sqrt(abs(x_4)))))),11.13674545288086,-0.2025834619998932,205,256,50,256,counts,neuralnet_counts_elastic_model,not_specified,elastic_model,heating,- \frac{\left(- 2.85^{x_{0}} - 0.09\right) \cos{\left(- \sqrt{\left|{x_{4}}\right|} \right)}}{x_{4}^{\cos{\left(x_{0} \right)}}} + \frac{- x_{6} - 2.95}{x_{4}}
"[-, /, -, +, -3.86, x_0, x_6, x_4, exp, exp, exp, sin, x_2]",((((-3.86+x_0)-x_6)/x_4)-exp(exp(exp(sin(x_2))))),12.639900207519531,-0.2388801872730255,205,256,50,256,counts,neuralnet_counts_elastic_model,not_specified,elastic_model,heating,- e^{e^{e^{\sin{\left(x_{2} \right)}}}} + \frac{x_{0} - x_{6} - 3.86}{x_{4}}
"[-, /, -, +, -3.86, x_0, x_6, x_4, u-, /, -, +, x_3, -1.24, x_6, x_4]",((((-3.86+x_0)-x_6)/x_4)--((((x_3+-1.24)-x_6)/x_4))),11.736258506774902,-0.2237485945224762,205,256,50,256,counts,neuralnet_counts_elastic_model,not_specified,elastic_model,heating,\frac{x_{0} - x_{6} - 3.86}{x_{4}} - - \frac{x_{3} - x_{6} - 1.24}{x_{4}}
"[-, /, -, -2.95, x_6, x_4, *, /, +, **, x_0, x_4, 2.63, **, x_4, cos, x_0, cos, -, x_4, log, x_2]",(((-2.95-x_6)/x_4)-((((x_0**x_4)+2.63)/(x_4**cos(x_0)))*cos((x_4-log(abs(x_2)))))),9.85111141204834,-0.19029301404953,205,256,50,256,counts,neuralnet_counts_elastic_model,not_specified,elastic_model,heating,- \frac{\left(x_{0}^{x_{4}} + 2.63\right) \cos{\left(x_{4} - \log{\left(\left|{x_{2}}\right| \right)} \right)}}{x_{4}^{\cos{\left(x_{0} \right)}}} + \frac{- x_{6} - 2.95}{x_{4}}
"[u-, u-, cos, log, cos, x_3]",-(-(cos(log(abs(cos(x_3)))))),22.11835289001465,-0.2866548299789428,206,256,50,256,counts,neuralnet_counts_elastic_model,not_specified,elastic_model,heating,\cos{\left(\log{\left(\left|{\cos{\left(x_{3} \right)}}\right| \right)} \right)}
"[u-, u-, cos, log, **2, x_3]",-(-(cos(log(abs((x_3)**2))))),20.835119247436523,-0.2825399041175842,206,256,50,256,counts,neuralnet_counts_elastic_model,not_specified,elastic_model,heating,\cos{\left(\log{\left(\left|{x_{3}^{2}}\right| \right)} \right)}
"[cos, **3, u-, cos, log, x_3]",cos((-(cos(log(abs(x_3)))))**3),21.201658248901367,-0.2848956286907196,206,256,50,256,counts,neuralnet_counts_elastic_model,not_specified,elastic_model,heating,\cos{\left(\left(- \cos{\left(\log{\left(\left|{x_{3}}\right| \right)} \right)}\right)^{3} \right)}
"[u-, cos, log, cos, u-, x_3]",-(cos(log(abs(cos(-(x_3)))))),22.11835289001465,-0.2866548299789428,206,256,50,256,counts,neuralnet_counts_elastic_model,not_specified,elastic_model,heating,- \cos{\left(\log{\left(\left|{\cos{\left(- x_{3} \right)}}\right| \right)} \right)}
"[u-, cos, log, u-, **2, x_3]",-(cos(log(abs(-((x_3)**2))))),20.835119247436523,-0.2825399041175842,206,256,50,256,counts,neuralnet_counts_elastic_model,not_specified,elastic_model,heating,- \cos{\left(\log{\left(\left|{x_{3}^{2}}\right| \right)} \right)}
"[u-, cos, **3, u-, u-, x_3]",-(cos((-(-(x_3)))**3)),22.28254127502441,-0.2886709570884704,206,256,50,256,counts,neuralnet_counts_elastic_model,not_specified,elastic_model,heating,- \cos{\left(x_{3}^{3} \right)}
"[u-, u-, u-, u-, u-, x_7]",-(-(-(-(-(x_7))))),99.76689910888672,-0.2927507758140564,206,256,50,256,counts,neuralnet_counts_elastic_model,not_specified,elastic_model,heating,- x_{7}
"[u-, cos, cos, -, u-, x_3, sqrt, x_1]",-(cos(cos((-(x_3)-sqrt(abs(x_1)))))),16.978700637817383,-0.2569687664508819,206,256,50,256,counts,neuralnet_counts_elastic_model,not_specified,elastic_model,heating,- \cos{\left(\cos{\left(- x_{3} - \sqrt{\left|{x_{1}}\right|} \right)} \right)}
"[**3, u-, cos, log, **2, x_3]",(-(cos(log(abs((x_3)**2)))))**3,20.672306060791016,-0.2809720039367676,206,256,50,256,counts,neuralnet_counts_elastic_model,not_specified,elastic_model,heating,\left(- \cos{\left(\log{\left(\left|{x_{3}^{2}}\right| \right)} \right)}\right)^{3}
"[u-, cos, **3, cos, log, x_3]",-(cos((cos(log(abs(x_3))))**3)),21.201658248901367,-0.2848956286907196,206,256,50,256,counts,neuralnet_counts_elastic_model,not_specified,elastic_model,heating,- \cos{\left(\cos^{3}{\left(\log{\left(\left|{x_{3}}\right| \right)} \right)} \right)}
"[u-, u-, u-, u-, u-, x_4]",-(-(-(-(-(x_4))))),22.431339263916016,-0.292230486869812,206,256,50,256,counts,neuralnet_counts_elastic_model,not_specified,elastic_model,heating,- x_{4}
"[**3, cos, log, u-, **2, x_3]",(cos(log(abs(-((x_3)**2)))))**3,20.672306060791016,-0.2809720039367676,206,256,50,256,counts,neuralnet_counts_elastic_model,not_specified,elastic_model,heating,\cos^{3}{\left(\log{\left(\left|{x_{3}^{2}}\right| \right)} \right)}
"[u-, u-, cos, u-, **3, x_3]",-(-(cos(-((x_3)**3)))),22.28254127502441,-0.2886709570884704,206,256,50,256,counts,neuralnet_counts_elastic_model,not_specified,elastic_model,heating,\cos{\left(- x_{3}^{3} \right)}
"[u-, -, -, exp, exp, x_3, log, exp, x_6, x_2]",-(((exp(exp(x_3))-log(abs(exp(x_6))))-x_2)),15.865575790405272,-0.2448671460151672,206,256,50,256,counts,neuralnet_counts_elastic_model,not_specified,elastic_model,heating,x_{2} - e^{e^{x_{3}}} + \log{\left(e^{\operatorname{re}{\left(x_{6}\right)}} \right)}
"[u-, u-, exp, log, **3, x_3]",-(-(exp(log(abs((x_3)**3))))),21.977184295654297,-0.2859870493412018,206,256,50,256,counts,neuralnet_counts_elastic_model,not_specified,elastic_model,heating,e^{\log{\left(\left|{x_{3}^{3}}\right| \right)}}
"[u-, u-, -, exp, exp, x_3, x_2]",-(-((exp(exp(x_3))-x_2))),19.068050384521484,-0.2724218964576721,206,256,50,256,counts,neuralnet_counts_elastic_model,not_specified,elastic_model,heating,- x_{2} + e^{e^{x_{3}}}
"[u-, -, -, exp, exp, x_3, x_2, x_2]",-(((exp(exp(x_3))-x_2)-x_2)),18.164844512939453,-0.2597763538360595,206,256,50,256,counts,neuralnet_counts_elastic_model,not_specified,elastic_model,heating,2 x_{2} - e^{e^{x_{3}}}
"[u-, -, -, sin, x_2, sin, u-, x_6, *, **3, **3, x_3, log, **3, 4.16]",-(((sin(x_2)-sin(-(x_6)))-(((x_3)**3)**3*log(abs((4.16)**3))))),10.676923751831056,-0.1790034919977188,206,256,50,256,counts,neuralnet_counts_elastic_model,not_specified,elastic_model,heating,\left(x_{3}^{3}\right)^{3} \log{\left(71.99 \right)} - \sin{\left(x_{2} \right)} + \sin{\left(- x_{6} \right)}
"[u-, -, -, sin, x_2, sin, u-, x_6, **3, sqrt, exp, x_3]",-(((sin(x_2)-sin(-(x_6)))-(sqrt(abs(exp(x_3))))**3)),10.82194709777832,-0.2026757895946502,206,256,50,256,counts,neuralnet_counts_elastic_model,not_specified,elastic_model,heating,\left(\sqrt{e^{\operatorname{re}{\left(x_{3}\right)}}}\right)^{3} - \sin{\left(x_{2} \right)} + \sin{\left(- x_{6} \right)}
"[u-, -, -, exp, log, x_4, log, exp, x_6, x_4]",-(((exp(log(abs(x_4)))-log(abs(exp(x_6))))-x_4)),14.902466773986816,-0.2430554628372192,206,256,50,256,counts,neuralnet_counts_elastic_model,not_specified,elastic_model,heating,x_{4} + \log{\left(e^{\operatorname{re}{\left(x_{6}\right)}} \right)} - \left|{x_{4}}\right|
"[u-, -, -, sin, x_2, sin, u-, x_6, exp, exp, sin, x_3]",-(((sin(x_2)-sin(-(x_6)))-exp(exp(sin(x_3))))),14.077924728393556,-0.2036686390638351,206,256,50,256,counts,neuralnet_counts_elastic_model,not_specified,elastic_model,heating,e^{e^{\sin{\left(x_{3} \right)}}} - \sin{\left(x_{2} \right)} + \sin{\left(- x_{6} \right)}
"[-, -, -, sin, x_2, sin, u-, x_6, **3, sqrt, **3, x_7, -, -, exp, exp, x_3, log, exp, x_6, **3, sqrt, exp, x_3]",(((sin(x_2)-sin(-(x_6)))-(sqrt(abs((x_7)**3)))**3)-((exp(exp(x_3))-log(abs(exp(x_6))))-(sqrt(abs(exp(x_3))))**3)),10.657909393310549,-0.1427856534719467,206,256,50,256,counts,neuralnet_counts_elastic_model,not_specified,elastic_model,heating,- (e^{e^{x_{3}}} - \left(\sqrt{e^{\operatorname{re}{\left(x_{3}\right)}}}\right)^{3} - \log{\left(e^{\operatorname{re}{\left(x_{6}\right)}} \right)}) + \sin{\left(x_{2} \right)} - \sin{\left(- x_{6} \right)} - \left(\sqrt{\left|{x_{7}^{3}}\right|}\right)^{3}
"[u-, **3, u-, -, log, x_4, sin, x_2]",-((-((log(abs(x_4))-sin(x_2))))**3),18.67597198486328,-0.2643436789512634,206,256,50,256,counts,neuralnet_counts_elastic_model,not_specified,elastic_model,heating,- \left(- \log{\left(\left|{x_{4}}\right| \right)} + \sin{\left(x_{2} \right)}\right)^{3}
"[u-, sin, u-, -, **3, x_6, u-, x_4]",-(sin(-(((x_6)**3--(x_4))))),12.427619934082031,-0.0289135873317718,207,256,50,256,counts,neuralnet_counts_elastic_model,not_specified,elastic_model,heating,- \sin{\left(- x_{4} - x_{6}^{3} \right)}
"[u-, u-, u-, /, -2.7, u-, 0.5]",-(-(-((-2.7/-(0.5))))),100.53578186035156,-0.0467614531517028,207,256,50,256,counts,neuralnet_counts_elastic_model,not_specified,elastic_model,heating,\frac{2.7}{-0.5}
"[u-, u-, u-, /, -2.7, u-, 0.57]",-(-(-((-2.7/-(0.57))))),100.53578186035156,-0.0467614531517028,207,256,50,256,counts,neuralnet_counts_elastic_model,not_specified,elastic_model,heating,\frac{2.7}{-0.57}
"[u-, u-, u-, u-, /, 1.27, -2.76]",-(-(-(-((1.27/-2.76))))),100.53578186035156,-0.0467614531517028,207,256,50,256,counts,neuralnet_counts_elastic_model,not_specified,elastic_model,heating,\frac{1.27}{-2.76}
"[u-, u-, u-, u-, /, 2.74, -3.45]",-(-(-(-((2.74/-3.45))))),100.53578186035156,-0.0467614531517028,207,256,50,256,counts,neuralnet_counts_elastic_model,not_specified,elastic_model,heating,\frac{2.74}{-3.45}
"[u-, u-, u-, u-, /, 2.74, 3.31]",-(-(-(-((2.74/3.31))))),100.53578186035156,-0.0467614531517028,207,256,50,256,counts,neuralnet_counts_elastic_model,not_specified,elastic_model,heating,\frac{2.74}{3.31}
"[u-, u-, u-, u-, /, x_4, -0.82]",-(-(-(-((x_4/-0.82))))),22.431339263916016,-0.0441563129425048,207,256,50,256,counts,neuralnet_counts_elastic_model,not_specified,elastic_model,heating,\frac{x_{4}}{-0.82}
"[u-, u-, u-, /, -2.7, u-, -2.55]",-(-(-((-2.7/-(-2.55))))),100.53578186035156,-0.0467614531517028,207,256,50,256,counts,neuralnet_counts_elastic_model,not_specified,elastic_model,heating,\frac{2.7}{2.55}
"[u-, *, -0.82, u-, /, x_6, u-, -0.86]",-((-0.82*-((x_6/-(-0.86))))),92.76863861083984,-0.0463716387748718,207,256,50,256,counts,neuralnet_counts_elastic_model,not_specified,elastic_model,heating,0.82 \left(- \frac{x_{6}}{0.86}\right)
"[u-, u-, u-, u-, /, -2.34, -3.45]",-(-(-(-((-2.34/-3.45))))),100.53578186035156,-0.0467614531517028,207,256,50,256,counts,neuralnet_counts_elastic_model,not_specified,elastic_model,heating,- \frac{2.34}{-3.45}
"[u-, *, -0.82, u-, -, **3, x_6, u-, x_4]",-((-0.82*-(((x_6)**3--(x_4))))),13.271806716918944,-0.0301601886749267,207,256,50,256,counts,neuralnet_counts_elastic_model,not_specified,elastic_model,heating,0.82 \left(- x_{4} - x_{6}^{3}\right)
"[u-, u-, u-, /, x_4, u-, -2.55]",-(-(-((x_4/-(-2.55))))),22.431339263916016,-0.0441563129425048,207,256,50,256,counts,neuralnet_counts_elastic_model,not_specified,elastic_model,heating,- \frac{x_{4}}{2.55}
"[u-, u-, u-, /, x_4, u-, 0.5]",-(-(-((x_4/-(0.5))))),22.431339263916016,-0.0441563129425048,207,256,50,256,counts,neuralnet_counts_elastic_model,not_specified,elastic_model,heating,- \frac{x_{4}}{-0.5}
"[u-, u-, u-, u-, /, x_4, 2.74]",-(-(-(-((x_4/2.74))))),22.431339263916016,-0.0441563129425048,207,256,50,256,counts,neuralnet_counts_elastic_model,not_specified,elastic_model,heating,\frac{x_{4}}{2.74}
"[u-, u-, u-, /, -3.12, exp, x_6]",-(-(-((-3.12/exp(x_6))))),92.20555114746094,-0.0444318354129791,207,256,50,256,counts,neuralnet_counts_elastic_model,not_specified,elastic_model,heating,\frac{3.12}{e^{x_{6}}}
"[u-, u-, u-, /, -3.12, u-, 0.57]",-(-(-((-3.12/-(0.57))))),100.53578186035156,-0.0467614531517028,207,256,50,256,counts,neuralnet_counts_elastic_model,not_specified,elastic_model,heating,\frac{3.12}{-0.57}
"[u-, u-, u-, /, -2.7, u-, x_4]",-(-(-((-2.7/-(x_4))))),22.431339263916016,-0.0441563129425048,207,256,50,256,counts,neuralnet_counts_elastic_model,not_specified,elastic_model,heating,\frac{2.7}{\left(-1\right) x_{4}}
"[u-, u-, +, x_6, u-, *, -2.55, x_4]",-(-((x_6+-((-2.55*x_4))))),13.975756645202637,-0.0385882630944252,207,256,50,256,counts,neuralnet_counts_elastic_model,not_specified,elastic_model,heating,2.55 x_{4} + x_{6}
"[u-, u-, u-, /, -2.7, u-, -0.86]",-(-(-((-2.7/-(-0.86))))),100.53578186035156,-0.0467614531517028,207,256,50,256,counts,neuralnet_counts_elastic_model,not_specified,elastic_model,heating,\frac{2.7}{0.86}
"[exp, u-, u-, -, **3, x_6, u-, x_4]",exp(-(-(((x_6)**3--(x_4))))),12.224775314331056,-0.0266348272562026,207,256,50,256,counts,neuralnet_counts_elastic_model,not_specified,elastic_model,heating,e^{x_{4} + x_{6}^{3}}
"[u-, u-, u-, /, -2.7, u-, -2.7]",-(-(-((-2.7/-(-2.7))))),100.53578186035156,-0.0467614531517028,207,256,50,256,counts,neuralnet_counts_elastic_model,not_specified,elastic_model,heating,\frac{2.7}{2.7}
"[u-, *, x_6, u-, u-, /, 2.74, -3.45]",-((x_6*-(-((2.74/-3.45))))),92.76863861083984,-0.0463716387748718,207,256,50,256,counts,neuralnet_counts_elastic_model,not_specified,elastic_model,heating,- \frac{2.74}{-3.45} x_{6}
"[u-, u-, u-, /, -2.7, u-, -3.44]",-(-(-((-2.7/-(-3.44))))),100.53578186035156,-0.0467614531517028,207,256,50,256,counts,neuralnet_counts_elastic_model,not_specified,elastic_model,heating,\frac{2.7}{3.44}
"[u-, u-, u-, /, 3.31, u-, -3.44]",-(-(-((3.31/-(-3.44))))),100.53578186035156,-0.0467614531517028,207,256,50,256,counts,neuralnet_counts_elastic_model,not_specified,elastic_model,heating,- \frac{3.31}{3.44}
"[u-, u-, u-, /, -2.7, u-, -1.54]",-(-(-((-2.7/-(-1.54))))),100.53578186035156,-0.0467614531517028,207,256,50,256,counts,neuralnet_counts_elastic_model,not_specified,elastic_model,heating,\frac{2.7}{1.54}
"[u-, *, x_6, u-, /, -2.7, u-, 3.8]",-((x_6*-((-2.7/-(3.8))))),92.76863861083984,-0.0463716387748718,207,256,50,256,counts,neuralnet_counts_elastic_model,not_specified,elastic_model,heating,- \frac{2.7}{-3.8} x_{6}
"[u-, u-, u-, u-, /, -2.7, -2.52]",-(-(-(-((-2.7/-2.52))))),100.53578186035156,-0.0467614531517028,207,256,50,256,counts,neuralnet_counts_elastic_model,not_specified,elastic_model,heating,- \frac{2.7}{-2.52}
"[u-, u-, u-, /, -2.7, u-, -4.31]",-(-(-((-2.7/-(-4.31))))),100.53578186035156,-0.0467614531517028,207,256,50,256,counts,neuralnet_counts_elastic_model,not_specified,elastic_model,heating,\frac{2.7}{4.31}
"[u-, u-, u-, u-, /, x_4, -2.52]",-(-(-(-((x_4/-2.52))))),22.431339263916016,-0.0441563129425048,207,256,50,256,counts,neuralnet_counts_elastic_model,not_specified,elastic_model,heating,\frac{x_{4}}{-2.52}
"[u-, *, u-, u-, /, x_6, 1.79, 4.99]",-((-(-((x_6/1.79)))*4.99)),92.76863861083984,-0.0463716387748718,207,256,50,256,counts,neuralnet_counts_elastic_model,not_specified,elastic_model,heating,\left(-1\right) \frac{x_{6}}{1.79} \cdot 4.99
"[u-, u-, u-, u-, /, 0.5, -3.45]",-(-(-(-((0.5/-3.45))))),100.53578186035156,-0.0467614531517028,207,256,50,256,counts,neuralnet_counts_elastic_model,not_specified,elastic_model,heating,\frac{0.5}{-3.45}
"[u-, **3, **2, sqrt, u-, x_3]",-(((sqrt(abs(-(x_3))))**2)**3),21.977184295654297,-0.1608761698007583,208,256,50,256,counts,neuralnet_counts_elastic_model,not_specified,elastic_model,heating,- \left(\left(\sqrt{\left|{x_{3}}\right|}\right)^{2}\right)^{3}
"[u-, u-, u-, cos, **2, x_3]",-(-(-(cos((x_3)**2)))),22.010400772094727,-0.1620105504989624,208,256,50,256,counts,neuralnet_counts_elastic_model,not_specified,elastic_model,heating,- \cos{\left(x_{3}^{2} \right)}
"[u-, u-, cos, **3, u-, x_3]",-(-(cos((-(x_3))**3))),22.28254127502441,-0.1629378795623779,208,256,50,256,counts,neuralnet_counts_elastic_model,not_specified,elastic_model,heating,\cos{\left(\left(- x_{3}\right)^{3} \right)}
"[u-, **3, sqrt, u-, **2, x_3]",-((sqrt(abs(-((x_3)**2))))**3),21.977184295654297,-0.1608761698007583,208,256,50,256,counts,neuralnet_counts_elastic_model,not_specified,elastic_model,heating,- \left(\sqrt{\left|{x_{3}^{2}}\right|}\right)^{3}
"[u-, u-, u-, u-, u-, x_3]",-(-(-(-(-(x_3))))),26.744340896606445,-0.1677691042423248,208,256,50,256,counts,neuralnet_counts_elastic_model,not_specified,elastic_model,heating,- x_{3}
"[u-, u-, u-, u-, u-, x_2]",-(-(-(-(-(x_2))))),79.71253967285156,-0.1692924797534942,208,256,50,256,counts,neuralnet_counts_elastic_model,not_specified,elastic_model,heating,- x_{2}
"[u-, u-, u-, u-, u-, x_4]",-(-(-(-(-(x_4))))),22.431339263916016,-0.1665529310703277,208,256,50,256,counts,neuralnet_counts_elastic_model,not_specified,elastic_model,heating,- x_{4}
"[**3, u-, u-, u-, **, 3.77, x_3]",(-(-(-((3.77**x_3)))))**3,22.397953033447266,-0.1630869656801223,208,256,50,256,counts,neuralnet_counts_elastic_model,not_specified,elastic_model,heating,\left(- 3.77^{x_{3}}\right)^{3}
"[u-, u-, cos, **3, sqrt, x_3]",-(-(cos((sqrt(abs(x_3)))**3))),21.972139358520508,-0.1600947976112365,208,256,50,256,counts,neuralnet_counts_elastic_model,not_specified,elastic_model,heating,\cos{\left(\left(\sqrt{\left|{x_{3}}\right|}\right)^{3} \right)}
"[u-, u-, sin, exp, sqrt, x_3]",-(-(sin(exp(sqrt(abs(x_3)))))),21.884389877319336,-0.1595677584409713,208,256,50,256,counts,neuralnet_counts_elastic_model,not_specified,elastic_model,heating,\sin{\left(e^{\sqrt{\left|{x_{3}}\right|}} \right)}
"[+, *, u-, u-, sqrt, x_6, **3, x_6, x_4]",((-(-(sqrt(abs(x_6))))*(x_6)**3)+x_4),13.74616241455078,-0.1549499034881591,208,256,50,256,counts,neuralnet_counts_elastic_model,not_specified,elastic_model,heating,x_{4} + x_{6}^{3} \sqrt{\left|{x_{6}}\right|}
"[/, cos, log, **2, x_3, u-, u-, u-, u-, 3.77]",(cos(log(abs((x_3)**2)))/-(-(-(-(3.77))))),20.835119247436523,-0.1595410853624344,208,256,50,256,counts,neuralnet_counts_elastic_model,not_specified,elastic_model,heating,\frac{\cos{\left(\log{\left(\left|{x_{3}^{2}}\right| \right)} \right)}}{3.77}
"[+, *, cos, u-, **3, x_3, **3, x_6, x_4]",((cos(-((x_3)**3))*(x_6)**3)+x_4),12.64084529876709,-0.149836465716362,208,256,50,256,counts,neuralnet_counts_elastic_model,not_specified,elastic_model,heating,x_{4} + x_{6}^{3} \cos{\left(- x_{3}^{3} \right)}
"[u-, u-, u-, u-, u-, x_0]",-(-(-(-(-(x_0))))),61.57371139526367,-0.1684715300798416,208,256,50,256,counts,neuralnet_counts_elastic_model,not_specified,elastic_model,heating,- x_{0}
"[+, *, cos, u-, u-, x_3, **3, x_6, x_4]",((cos(-(-(x_3)))*(x_6)**3)+x_4),12.828505516052246,-0.1516305953264236,208,256,50,256,counts,neuralnet_counts_elastic_model,not_specified,elastic_model,heating,x_{4} + x_{6}^{3} \cos{\left(x_{3} \right)}
"[+, *, cos, u-, u-, -0.25, **3, x_6, x_4]",((cos(-(-(-0.25)))*(x_6)**3)+x_4),13.253941535949709,-0.1522889733314514,208,256,50,256,counts,neuralnet_counts_elastic_model,not_specified,elastic_model,heating,x_{4} + x_{6}^{3} \cos{\left(-0.25 \right)}
"[+, *, cos, u-, sin, x_4, **3, x_6, x_4]",((cos(-(sin(x_4)))*(x_6)**3)+x_4),12.618803024291992,-0.1454657912254333,208,256,50,256,counts,neuralnet_counts_elastic_model,not_specified,elastic_model,heating,x_{4} + x_{6}^{3} \cos{\left(- \sin{\left(x_{4} \right)} \right)}
"[+, *, cos, u-, **3, x_4, **3, x_6, x_4]",((cos(-((x_4)**3))*(x_6)**3)+x_4),12.630241394042969,-0.1472626328468322,208,256,50,256,counts,neuralnet_counts_elastic_model,not_specified,elastic_model,heating,x_{4} + x_{6}^{3} \cos{\left(- x_{4}^{3} \right)}
"[u-, u-, +, *, cos, x_4, **3, x_6, sin, x_4]",-(-(((cos(x_4)*(x_6)**3)+sin(x_4)))),12.37441062927246,-0.1388887465000152,208,256,50,256,counts,neuralnet_counts_elastic_model,not_specified,elastic_model,heating,x_{6}^{3} \cos{\left(x_{4} \right)} + \sin{\left(x_{4} \right)}
"[u-, +, u-, u-, u-, x_6, u-, u-, **, 4.28, x_3]",-((-(-(-(x_6)))+-(-((4.28**x_3))))),14.75235366821289,-0.1576318591833114,208,256,50,256,counts,neuralnet_counts_elastic_model,not_specified,elastic_model,heating,- 4.28^{x_{3}} + x_{6}
"[u-, +, **3, x_6, x_4]",-(((x_6)**3+x_4)),13.271806716918944,-0.1542240530252456,208,256,50,256,counts,neuralnet_counts_elastic_model,not_specified,elastic_model,heating,- x_{4} - x_{6}^{3}
"[u-, +, *, cos, u-, x_3, **3, x_6, x_4]",-(((cos(-(x_3))*(x_6)**3)+x_4)),12.828505516052246,-0.1516305953264236,208,256,50,256,counts,neuralnet_counts_elastic_model,not_specified,elastic_model,heating,- x_{4} - x_{6}^{3} \cos{\left(- x_{3} \right)}
"[u-, u-, u-, u-, u-, x_1]",-(-(-(-(-(x_1))))),57.04818344116211,-0.1682199388742447,208,256,50,256,counts,neuralnet_counts_elastic_model,not_specified,elastic_model,heating,- x_{1}
"[u-, u-, u-, -, log, x_4, x_2]",-(-(-((log(abs(x_4))-x_2)))),19.91425132751465,-0.1591931730508804,208,256,50,256,counts,neuralnet_counts_elastic_model,not_specified,elastic_model,heating,x_{2} - \log{\left(\left|{x_{4}}\right| \right)}
"[u-, u-, **2, **3, sqrt, x_3]",-(-(((sqrt(abs(x_3)))**3)**2)),21.977184295654297,-0.1608761698007583,208,256,50,256,counts,neuralnet_counts_elastic_model,not_specified,elastic_model,heating,\left(\left(\sqrt{\left|{x_{3}}\right|}\right)^{3}\right)^{2}
"[exp, sin, u-, sin, exp, x_2]",exp(sin(-(sin(exp(x_2))))),69.5119857788086,-0.0777031183242797,209,256,50,256,counts,neuralnet_counts_elastic_model,not_specified,elastic_model,heating,e^{\sin{\left(- \sin{\left(e^{x_{2}} \right)} \right)}}
"[exp, sin, exp, sin, exp, x_4]",exp(sin(exp(sin(exp(x_4))))),22.431339263916016,-0.0757908448576927,209,256,50,256,counts,neuralnet_counts_elastic_model,not_specified,elastic_model,heating,e^{\sin{\left(e^{\sin{\left(e^{x_{4}} \right)}} \right)}}
"[exp, exp, sin, sin, exp, x_4]",exp(exp(sin(sin(exp(x_4))))),22.431339263916016,-0.0757908448576927,209,256,50,256,counts,neuralnet_counts_elastic_model,not_specified,elastic_model,heating,e^{e^{\sin{\left(\sin{\left(e^{x_{4}} \right)} \right)}}}
"[exp, sin, exp, exp, **3, x_2]",exp(sin(exp(exp((x_2)**3)))),67.35033416748047,-0.0759837925434112,209,256,50,256,counts,neuralnet_counts_elastic_model,not_specified,elastic_model,heating,e^{\sin{\left(e^{e^{x_{2}^{3}}} \right)}}
"[exp, exp, u-, sin, exp, x_2]",exp(exp(-(sin(exp(x_2))))),69.57552337646484,-0.0781167149543762,209,256,50,256,counts,neuralnet_counts_elastic_model,not_specified,elastic_model,heating,e^{e^{- \sin{\left(e^{x_{2}} \right)}}}
"[exp, sin, exp, exp, sin, x_4]",exp(sin(exp(exp(sin(x_4))))),22.431339263916016,-0.0757908448576927,209,256,50,256,counts,neuralnet_counts_elastic_model,not_specified,elastic_model,heating,e^{\sin{\left(e^{e^{\sin{\left(x_{4} \right)}}} \right)}}
"[sin, exp, exp, sin, exp, x_4]",sin(exp(exp(sin(exp(x_4))))),22.431339263916016,-0.0757908448576927,209,256,50,256,counts,neuralnet_counts_elastic_model,not_specified,elastic_model,heating,\sin{\left(e^{e^{\sin{\left(e^{x_{4}} \right)}}} \right)}
"[sin, exp, exp, exp, sin, x_4]",sin(exp(exp(exp(sin(x_4))))),22.431339263916016,-0.0757908448576927,209,256,50,256,counts,neuralnet_counts_elastic_model,not_specified,elastic_model,heating,\sin{\left(e^{e^{e^{\sin{\left(x_{4} \right)}}}} \right)}
"[u-, +, u-, exp, **3, x_6, cos, exp, exp, x_4]",-((-(exp((x_6)**3))+cos(exp(exp(x_4))))),13.22712230682373,-0.0637889355421066,209,256,50,256,counts,neuralnet_counts_elastic_model,not_specified,elastic_model,heating,e^{x_{6}^{3}} - \cos{\left(e^{e^{x_{4}}} \right)}
"[sin, sin, exp, exp, exp, x_4]",sin(sin(exp(exp(exp(x_4))))),22.431339263916016,-0.0757908448576927,209,256,50,256,counts,neuralnet_counts_elastic_model,not_specified,elastic_model,heating,\sin{\left(\sin{\left(e^{e^{e^{x_{4}}}} \right)} \right)}
"[**, u-, exp, sin, exp, x_2, exp, u-, u-, sin, x_4]",(-(exp(sin(exp(x_2))))**exp(-(-(sin(x_4))))),21.363039016723636,-0.075101688504219,209,256,50,256,counts,neuralnet_counts_elastic_model,not_specified,elastic_model,heating,- \left(e^{\sin{\left(e^{x_{2}} \right)}}\right)^{e^{\sin{\left(x_{4} \right)}}}
"[u-, /, sin, u-, exp, x_2, x_4]",-((sin(-(exp(x_2)))/x_4)),17.391813278198242,-0.0745327696204185,209,256,50,256,counts,neuralnet_counts_elastic_model,not_specified,elastic_model,heating,- \frac{\sin{\left(- e^{x_{2}} \right)}}{x_{4}}
"[exp, exp, sin, exp, sin, x_4]",exp(exp(sin(exp(sin(x_4))))),22.431339263916016,-0.0757908448576927,209,256,50,256,counts,neuralnet_counts_elastic_model,not_specified,elastic_model,heating,e^{e^{\sin{\left(e^{\sin{\left(x_{4} \right)}} \right)}}}
"[u-, /, +, sin, x_6, +, sin, x_2, 2.32, x_4]",-(((sin(x_6)+(sin(x_2)+2.32))/x_4)),9.199990272521973,-0.0504418909549713,209,256,50,256,counts,neuralnet_counts_elastic_model,not_specified,elastic_model,heating,- \frac{\sin{\left(x_{2} \right)} + \sin{\left(x_{6} \right)} + 2.32}{x_{4}}
"[exp, sin, sin, exp, exp, x_4]",exp(sin(sin(exp(exp(x_4))))),22.431339263916016,-0.0757908448576927,209,256,50,256,counts,neuralnet_counts_elastic_model,not_specified,elastic_model,heating,e^{\sin{\left(\sin{\left(e^{e^{x_{4}}} \right)} \right)}}
"[**, u-, exp, sin, exp, x_2, exp, u-, u-, x_4]",(-(exp(sin(exp(x_2))))**exp(-(-(x_4)))),20.047815322875977,-0.074989914894104,209,256,50,256,counts,neuralnet_counts_elastic_model,not_specified,elastic_model,heating,- \left(e^{\sin{\left(e^{x_{2}} \right)}}\right)^{e^{x_{4}}}
"[exp, -, sin, exp, sin, x_6, u-, exp, exp, x_4]",exp((sin(exp(sin(x_6)))--(exp(exp(x_4))))),13.680874824523926,-0.0698217898607254,209,256,50,256,counts,neuralnet_counts_elastic_model,not_specified,elastic_model,heating,e^{- \left(-1\right) e^{e^{x_{4}}} + \sin{\left(e^{\sin{\left(x_{6} \right)}} \right)}}
"[sin, exp, sin, exp, exp, x_4]",sin(exp(sin(exp(exp(x_4))))),22.431339263916016,-0.0757908448576927,209,256,50,256,counts,neuralnet_counts_elastic_model,not_specified,elastic_model,heating,\sin{\left(e^{\sin{\left(e^{e^{x_{4}}} \right)}} \right)}
"[u-, /, +, sin, x_2, +, sin, x_6, 2.32, x_4]",-(((sin(x_2)+(sin(x_6)+2.32))/x_4)),9.199990272521973,-0.0504418909549713,209,256,50,256,counts,neuralnet_counts_elastic_model,not_specified,elastic_model,heating,- \frac{\sin{\left(x_{2} \right)} + \sin{\left(x_{6} \right)} + 2.32}{x_{4}}
"[-, -, exp, sin, x_4, /, +, sin, x_2, sin, x_6, x_4, /, +, sin, **3, x_6, 2.32, x_4]",((exp(sin(x_4))-((sin(x_2)+sin(x_6))/x_4))-((sin((x_6)**3)+2.32)/x_4)),8.553695678710938,-0.0315392389893531,209,256,50,256,counts,neuralnet_counts_elastic_model,not_specified,elastic_model,heating,e^{\sin{\left(x_{4} \right)}} - \frac{\sin{\left(x_{2} \right)} + \sin{\left(x_{6} \right)}}{x_{4}} - \frac{\sin{\left(x_{6}^{3} \right)} + 2.32}{x_{4}}
"[u-, /, sin, u-, exp, x_6, x_4]",-((sin(-(exp(x_6)))/x_4)),14.890321731567385,-0.0716858655214309,209,256,50,256,counts,neuralnet_counts_elastic_model,not_specified,elastic_model,heating,- \frac{\sin{\left(- e^{x_{6}} \right)}}{x_{4}}
"[exp, exp, exp, sin, sin, x_4]",exp(exp(exp(sin(sin(x_4))))),22.431339263916016,-0.0757908448576927,209,256,50,256,counts,neuralnet_counts_elastic_model,not_specified,elastic_model,heating,e^{e^{e^{\sin{\left(\sin{\left(x_{4} \right)} \right)}}}}
"[-, -, exp, u-, *, 4.69, x_7, /, +, sin, x_2, sin, x_6, x_4, /, +, sin, *, x_2, x_2, 2.32, x_4]",((exp(-((4.69*x_7)))-((sin(x_2)+sin(x_6))/x_4))-((sin((x_2*x_2))+2.32)/x_4)),8.896414756774902,-0.0407723523676395,209,256,50,256,counts,neuralnet_counts_elastic_model,not_specified,elastic_model,heating,e^{- 4.69 x_{7}} - \frac{\sin{\left(x_{2} \right)} + \sin{\left(x_{6} \right)}}{x_{4}} - \frac{\sin{\left(x_{2} x_{2} \right)} + 2.32}{x_{4}}
"[-, -, u-, exp, exp, x_4, /, +, sin, x_2, sin, x_6, x_4, /, +, sin, *, x_2, x_2, 2.32, x_4]",((-(exp(exp(x_4)))-((sin(x_2)+sin(x_6))/x_4))-((sin((x_2*x_2))+2.32)/x_4)),8.896415710449219,-0.0455192178487777,209,256,50,256,counts,neuralnet_counts_elastic_model,not_specified,elastic_model,heating,- e^{e^{x_{4}}} - \frac{\sin{\left(x_{2} \right)} + \sin{\left(x_{6} \right)}}{x_{4}} - \frac{\sin{\left(x_{2} x_{2} \right)} + 2.32}{x_{4}}
